{
    "v": "5.1.16",
    "fr": 30,
    "ip": 0,
    "op": 60,
    "w": 1280,
    "h": 720,
    "nm": "Comp 3",
    "ddd": 0,
    "assets": [
        {
            "id": "image_0",
            "w": 150,
            "h": 150,
            "u": "images/",
            "p": "img_0.jpg",
            "e": 0
        },
        {
            "id": "image_1",
            "w": 799,
            "h": 799,
            "u": "images/",
            "p": "img_1.jpg",
            "e": 0
        },
        {
            "id": "image_2",
            "w": 1072,
            "h": 1440,
            "u": "images/",
            "p": "img_2.jpg",
            "e": 0
        },
        {
            "id": "image_3",
            "w": 332,
            "h": 430,
            "u": "images/",
            "p": "img_3.jpg",
            "e": 0
        }
    ],
    "layers": [
        {
            "ddd": 0,
            "ind": 1,
            "ty": 2,
            "nm": "polpi.jpg",
            "cl": "jpg",
            "refId": "image_0",
            "sr": 1,
            "ks": {
                "o": {
                    "a": 0,
                    "k": 50,
                    "ix": 11
                },
                "r": {
                    "a": 0,
                    "k": 45,
                    "ix": 10
                },
                "p": {
                    "a": 0,
                    "k": [
                        196,
                        346,
                        0
                    ],
                    "ix": 2
                },
                "a": {
                    "a": 0,
                    "k": [
                        75,
                        75,
                        0
                    ],
                    "ix": 1
                },
                "s": {
                    "a": 0,
                    "k": [
                        120,
                        120,
                        100
                    ],
                    "ix": 6
                }
            },
            "ao": 0,
            "ip": 0,
            "op": 60,
            "st": 0,
            "bm": 0
        },
        {
            "ddd": 0,
            "ind": 2,
            "ty": 2,
            "nm": "db248565-579d-4c71-9add-f2207b3aa04f.jpg",
            "cl": "jpg",
            "refId": "image_1",
            "sr": 1,
            "ks": {
                "o": {
                    "a": 0,
                    "k": 100,
                    "ix": 11
                },
                "r": {
                    "a": 0,
                    "k": 22,
                    "ix": 10
                },
                "p": {
                    "a": 0,
                    "k": [
                        1140,
                        588,
                        0
                    ],
                    "ix": 2
                },
                "a": {
                    "a": 0,
                    "k": [
                        65.5,
                        279.5,
                        0
                    ],
                    "ix": 1
                },
                "s": {
                    "a": 0,
                    "k": [
                        29,
                        29,
                        100
                    ],
                    "ix": 6
                }
            },
            "ao": 0,
            "ip": 0,
            "op": 60,
            "st": 0,
            "bm": 0
        },
        {
            "ddd": 0,
            "ind": 3,
            "ty": 2,
            "nm": "Mihály.jpg",
            "cl": "jpg",
            "refId": "image_2",
            "sr": 1,
            "ks": {
                "o": {
                    "a": 0,
                    "k": 100,
                    "ix": 11
                },
                "r": {
                    "a": 0,
                    "k": 161,
                    "ix": 10
                },
                "p": {
                    "a": 0,
                    "k": [
                        1230,
                        314,
                        0
                    ],
                    "ix": 2
                },
                "a": {
                    "a": 0,
                    "k": [
                        0,
                        0,
                        0
                    ],
                    "ix": 1
                },
                "s": {
                    "a": 0,
                    "k": [
                        20,
                        20,
                        100
                    ],
                    "ix": 6
                }
            },
            "ao": 0,
            "ip": 0,
            "op": 60,
            "st": 0,
            "bm": 0
        },
        {
            "ddd": 0,
            "ind": 4,
            "ty": 2,
            "nm": "vlcsnap-2017-11-02-16h26m12s995.png",
            "cl": "png",
            "refId": "image_3",
            "sr": 1,
            "ks": {
                "o": {
                    "a": 0,
                    "k": 100,
                    "ix": 11
                },
                "r": {
                    "a": 0,
                    "k": 15,
                    "ix": 10
                },
                "p": {
                    "a": 0,
                    "k": [
                        -242,
                        1162,
                        0
                    ],
                    "ix": 2
                },
                "a": {
                    "a": 0,
                    "k": [
                        -50,
                        500,
                        0
                    ],
                    "ix": 1
                },
                "s": {
                    "a": 0,
                    "k": [
                        347,
                        347,
                        100
                    ],
                    "ix": 6
                }
            },
            "ao": 0,
            "ip": 0,
            "op": 60,
            "st": 0,
            "bm": 0
        }
    ],
    "markers": []
}